회사,채용,지역,링크
휴먼교육센터학원,[전액무료] IT취업 자바/파이썬/인공지능/빅데이터 교육생 모집,경기  부천시 외,https://m.jobkorea.co.kr/Recruit/GI_Read/35218738
통로이미지,[통로이미지 IT연구소] PHP웹개발자/Python 웹 개발자 경력채용,서울  중구,https://m.jobkorea.co.kr/Recruit/GI_Read/35187943
이컴라인,"[여의도] 금융, 은행, 파이썬, python",서울  영등포구,https://m.jobkorea.co.kr/Recruit/GI_Read/35377006
링크제니시스,"자동차 SW Test 자동화 개발자 (C, C++, Python)",인천  서구 외,https://m.jobkorea.co.kr/Recruit/GI_Read/35355790
오상자이엘 ㈜,"솔루션 기반 프로그래머(C#, Python, Oracle SQL) 모집",인천  부평구,https://m.jobkorea.co.kr/Recruit/GI_Read/35335939
㈜비타소프트,"인공지능 (딥러닝) 개발자, Python 능력자(신입과 경력 : 병역특례(보충역) 가능)",서울  구로구 외,https://m.jobkorea.co.kr/Recruit/GI_Read/35261169
㈜이지서티,"[신입/경력] R,PYTHON개발자 채용",서울  강남구 외,https://m.jobkorea.co.kr/Recruit/GI_Read/35238882
㈜핸디소프트,[개발자채용]정부과제 개발(빅데이터플랫폼/Python) 경력 모집,경기  안양시 동안구,https://m.jobkorea.co.kr/Recruit/GI_Read/34702587
㈜인피닉,[신입/경력] 어플리케이션 개발자 모집-Python / JAVA,서울  강남구 외,https://m.jobkorea.co.kr/Recruit/GI_Read/35356799
㈜인라이플,[업계위/주일근무] Python 개발 직무 경력직 인재채용,경기전지역 외,https://m.jobkorea.co.kr/Recruit/GI_Read/35343107
㈜KB데이타시스템,백엔드 파이썬 개발자 경력사원 모집,서울  마포구 외,https://m.jobkorea.co.kr/Recruit/GI_Read/35224093
쌍용정보통신,"Java, Python, ASP, PHP 초급개발자 채용",서울  중구,https://m.jobkorea.co.kr/Recruit/GI_Read/35157147
㈜마이뮤직테이스트,신입/경력 Backend Engineer   Python 개발자 채용,서울  강남구,https://m.jobkorea.co.kr/Recruit/GI_Read/35156432
한국아이큐비아㈜,데이터분석가 모집 - 머신러닝/딥러닝/SAS/R/Python,서울  중구,https://m.jobkorea.co.kr/Recruit/GI_Read/35371164
유니윌부산지사,(네트워크/파이썬)네트워크 보안 취약점 분석 전문가 양성,부산  부산진구 외,https://m.jobkorea.co.kr/Recruit/GI_Read/35385661
유니윌부산지사,"자바빅데이터 실무 개발자, 네트워크파이썬 전문가",부산  부산진구 외,https://m.jobkorea.co.kr/Recruit/GI_Read/35385596
인텍솔루션㈜,[기흥] 대기업 화면관리 개발) Vuejs 또는 python 중급/고급 개발자 모집,경기  용인시 기흥구 외,https://m.jobkorea.co.kr/Recruit/GI_Read/35385271
그린컴퓨터아트학원,[수원그린컴퓨터아카데미] 파이썬 빅데이터 강사(신입가능)님을 모십니다,경기  수원시 팔달구 외,https://m.jobkorea.co.kr/Recruit/GI_Read/35380315
키스템프,[을지로/키스템프본사] 웹개발자(Python) 정규직 경력 채용,서울  중구 외,https://m.jobkorea.co.kr/Recruit/GI_Read/35380217
윈스코어㈜,[종각역/중급/Python/] 여행사 보이스봇 시스템 개발,서울  종로구,https://m.jobkorea.co.kr/Recruit/GI_Read/35374355
㈜팜캐드,"BE (back-end), FE (front-end), Python 개발자 모집",서울  강남구 외,https://m.jobkorea.co.kr/Recruit/GI_Read/35373322
㈜헤렌,[탄탄한 스타트업] (주)헤렌 백엔드(Python) 개발자 채용,서울  성동구,https://m.jobkorea.co.kr/Recruit/GI_Read/35370039
PENTAIN,"[동경] WebApplication개발자모집 (Java,Python경력자)",일본  도쿄,https://m.jobkorea.co.kr/Recruit/GI_Read/35362998
아이티엠커뮤니케이션㈜,Python 개발경력자를 모집합니다,서울  서초구,https://m.jobkorea.co.kr/Recruit/GI_Read/35361766
㈜컴패니언시스템,Python/ Java /빅데이타 처리 가능한 정규직/계약직 직원 채용합니다,서울  강남구 외,https://m.jobkorea.co.kr/Recruit/GI_Read/35360706
㈜솔리메틱스,Python 개발 프로그래머 모집,충남  천안시 서북구,https://m.jobkorea.co.kr/Recruit/GI_Read/35350249
인텍솔루션㈜,"제조사) 관리업무 구축 - Python(파이썬) 개발 [ 기흥 / 중,고급 ]",경기  용인시 기흥구,https://m.jobkorea.co.kr/Recruit/GI_Read/35349697
㈜이루미에듀테크,백엔드 파이썬 개발/운영,서울  송파구,https://m.jobkorea.co.kr/Recruit/GI_Read/35349626
㈜한국경영인증원,미래전략 사업 운영지원(빅데이터/Python/OA 등) 계약직 채용,서울  영등포구,https://m.jobkorea.co.kr/Recruit/GI_Read/35347763
블루오션영어조합법인,년 하반기 Python/백엔드/프론트엔드/PHP 외 모집합니다,경남  통영시,https://m.jobkorea.co.kr/Recruit/GI_Read/35346106
㈜버즈니,[만 국민앱] 빅데이터 엔지니어 (Python & Docker),서울  관악구 외,https://m.jobkorea.co.kr/Recruit/GI_Read/35345854
㈜버즈니,[만 국민앱] 서비스플랫폼 백엔드 엔지니어 (Python),서울  관악구 외,https://m.jobkorea.co.kr/Recruit/GI_Read/35345432
㈜버즈니,"[만 국민앱] AI 백엔드 엔지니어 (머신러닝,Python)",서울  관악구 외,https://m.jobkorea.co.kr/Recruit/GI_Read/35344487
㈜대연씨앤아이,웹솔루션 개발 사원 채용 (JAVA/Python),서울  구로구,https://m.jobkorea.co.kr/Recruit/GI_Read/35342111
㈜두플(Doople),반도체제조빅데이터솔루션개발및유지보수-C#/Java/Python/컨설팅,경기  성남시 분당구 외,https://m.jobkorea.co.kr/Recruit/GI_Read/35340872
콘센트릭스서비스코리아 유한회사,[디지털마케팅/이커머스] 각 분야 개발자 채용(Java/Python/Back-end/Front-end/TA/AWS/Spring/JSP),서울  강남구 외,https://m.jobkorea.co.kr/Recruit/GI_Read/35340901
누리꿈소프트㈜,"[상암/월-개월] 데이터이행 개발자 구인(Python,sql)",서울  강남구 외,https://m.jobkorea.co.kr/Recruit/GI_Read/35336314
㈜이젠아카데미컴퓨터학원,"[분당점] 자바,파이썬,C언어 재직자과정 강사 초빙(저녁/주말반)",경기  성남시 분당구 외,https://m.jobkorea.co.kr/Recruit/GI_Read/35331953
㈜쇼엠,파이썬 신입 개발자(정규직) 모집,인천  연수구 외,https://m.jobkorea.co.kr/Recruit/GI_Read/35330550
코리아센터,Python 웹 개발자 채용,서울  금천구 외,https://m.jobkorea.co.kr/Recruit/GI_Read/35327377
솔리드웨어,[솔리드웨어] Python Developer (파이썬 개발자) 모집,서울  중구,https://m.jobkorea.co.kr/Recruit/GI_Read/35321526
㈜이씨지컨설팅,"머신러닝, 딥러닝 컨설턴트 모집(python/tensorflow)",서울  강남구,https://m.jobkorea.co.kr/Recruit/GI_Read/35320234
㈜조인아이티,SI/개발/Python/고급명/즉시-개월/파이선API개발/서울역서울스퀘어,서울  동작구,https://m.jobkorea.co.kr/Recruit/GI_Read/35316909
㈜ 칸테크,"[SD개발팀] 솔루션 개발자 신입사원 모집(ORACLE, SQL, JSP, PYTHON)",서울  금천구,https://m.jobkorea.co.kr/Recruit/GI_Read/35311085
㈜무지개반사,[Python] 활용 딥러닝 개발자 모집,서울  강남구,https://m.jobkorea.co.kr/Recruit/GI_Read/35301609
누리꿈소프트㈜,"[신입/경력/PL] 누리꿈소프트 정규직 개발자 채용(Java, Python)",서울  강남구,https://m.jobkorea.co.kr/Recruit/GI_Read/35294514
로제타텍,"AI(머신러닝, 딥러닝)기반 R/Python 개발자 모집",서울  서초구,https://m.jobkorea.co.kr/Recruit/GI_Read/35265543
아이디얼(IDEAL),"Python Django 개발자, 스타트업 MVP 전문 개발사 / 다양한 서비스 개발",인천  부평구,https://m.jobkorea.co.kr/Recruit/GI_Read/35264235
시프트원㈜,"Backend (Python), Frontend (React) 개발자 및 PM(혹은 PL) 모십니다",서울  강남구 외,https://m.jobkorea.co.kr/Recruit/GI_Read/35259922
㈜아이핌,웹개발(Java/Spring Framework/Angular/React/Python etc) 및 데이터 엔지니어링(Python Application) 및 AI 엔지니어링(Data Analytic Algorithm) 개발자,서울  강남구,https://m.jobkorea.co.kr/Recruit/GI_Read/35258491
유한책임회사 태백넷,[태백넷] C / C++ / Python / Android / iOS 프로그래머 구인,경기  안양시 동안구,https://m.jobkorea.co.kr/Recruit/GI_Read/35256045
㈜네오그라프,Python/JAVA/JSP 개발자 모집,서울  금천구 외,https://m.jobkorea.co.kr/Recruit/GI_Read/35252573
애니로직,"JAVA,python 개발자 신입/경력채용",서울  금천구,https://m.jobkorea.co.kr/Recruit/GI_Read/35239486
온크루소프트㈜,"C#, Python 개발자 및 솔루션 엔지니어 채용",서울  영등포구,https://m.jobkorea.co.kr/Recruit/GI_Read/35227641
코리아뉴스와이어,"능력있는 풀스택 ( Python, Javascript, PostgreSQL ) 웹개발자 모집",서울  중구,https://m.jobkorea.co.kr/Recruit/GI_Read/35224964
메가스터디아이티아카데미신촌학원,"[메가스터디IT아카데미] C언어,Python, JAVA 프로그래밍 강사채용",서울  마포구,https://m.jobkorea.co.kr/Recruit/GI_Read/35203442
에이아이스튜디오,(주)에이아이스튜디오 신입 및 경력 Python / java 서비스 개발자 모집,서울  강남구,https://m.jobkorea.co.kr/Recruit/GI_Read/35197785
링크소프트웨어,Python SI 기흥 삼성 프로젝트 입니다,경기  용인시 기흥구 외,https://m.jobkorea.co.kr/Recruit/GI_Read/35191121
㈜웹프라자,"php, python 웹 개발자 모집",서울  금천구,https://m.jobkorea.co.kr/Recruit/GI_Read/35170387
㈜다모아솔루션,[Python/Hadoop 모집] LG유플러스 NW 빅데이터 시스템 운영,서울  강서구,https://m.jobkorea.co.kr/Recruit/GI_Read/35167520
(주)데이터앤솔루션,파이썬 개발자 초중급 이상 모집합니다.,서울 서초구 외,https://job.incruit.com/jobdb_info/jobpost.asp?job=2012230000193
주식회사 비즈부스터,"PHP, Python 경력직 채용",서울 금천구,https://job.incruit.com/jobdb_info/jobpost.asp?job=2105060004901
브라이트컨설팅,Python 경력 정규직 채용,서울 강남구,https://job.incruit.com/jobdb_info/jobpost.asp?job=2103130000124
리쉐니에,"웹프로그래머/Python/SQL DB/WebRTC/CSS,PHP et..",경기 수원시 영통구,https://job.incruit.com/jobdb_info/jobpost.asp?job=2107170000840
(주)엠코프,"Python,CC++, JAVA 외 신입/경력 채용",서울 강동구,https://job.incruit.com/jobdb_info/jobpost.asp?job=2107010001503
주식회사 쿠바로엠앤씨,"웹개발, Python 외 신입/경력 계약직 채용",서울 강서구,https://job.incruit.com/jobdb_info/jobpost.asp?job=2012070001902
주)씽크풀,(정규직 신입) 주식 데이터 분석가 채용 (Python),서울 영등포구,https://job.incruit.com/jobdb_info/jobpost.asp?job=2107150002633
(주)선영종합엔지니어링,기술연구소 (AI연구 및 Python개발 / 드론 영상..,경기 고양시 덕양구,https://job.incruit.com/jobdb_info/jobpost.asp?job=2102240000623
(사)한국산업기술협회,[취업연계] 파이썬 활용 빅데이터 분석 전문가 양성과정 ..,서울 금천구,https://job.incruit.com/jobdb_info/jobpost.asp?job=2106090004696
아이티윌 부산교육센터,"[ 부산 IT 교육 ] 자바 · 빅데이터 실무 개발자 ,..",부산 부산진구 외,https://job.incruit.com/jobdb_info/jobpost.asp?job=2107160004669
코드링크랩,"(급구) 초중고 SW/컴퓨터 강사 (인공지능,파이썬,아두이노,라즈베..",서울 용산구,https://job.incruit.com/jobdb_info/jobpost.asp?job=2107160000731
주식회사 해피브릿지,PHP/백엔드 개발자 경력 정규직/프리랜서 채용,서울 서초구,https://job.incruit.com/jobdb_info/jobpost.asp?job=2105310000140
주)씽크풀,데이터 분석 시스템 개발자 채용 (정규직),서울 영등포구,https://job.incruit.com/jobdb_info/jobpost.asp?job=2107160004595
리쉐니에,"사물인터넷(IoT) 개발, 메카트로닉스 외 신입/경력 정규직 채용",경기 수원시 영통구,https://job.incruit.com/jobdb_info/jobpost.asp?job=2103090000396
(주)가치랩스,"S/W 엔지니어, 데이터분석 신입/경력 정규직, 인턴 채용",경기 성남시 분당구,https://job.incruit.com/jobdb_info/jobpost.asp?job=2107020004847
(주)이룸에스엔에스,기업부설연구소 연구원 경력 정규직 채용,경기 부천시,https://job.incruit.com/jobdb_info/jobpost.asp?job=2012170004123
(주)스칼라웍스,[전문연구요원] R&D 부문 개발자 병역특례 채용,서울 금천구,https://job.incruit.com/jobdb_info/jobpost.asp?job=2105040001594
(주)이바이오젠,[내일애-3차 지역특화/유망산업] (주)이바이오젠 응용소프트웨..,서울 성동구,https://job.incruit.com/jobdb_info/jobpost.asp?job=2106300001084
글래틱(주),"백엔드, 웹개발 외 경력 정규직 채용",서울 강남구,https://job.incruit.com/jobdb_info/jobpost.asp?job=2106280003089
주식회사 노바,소프트웨어 엔지니어 경력직 공고 - (주)노바,경기 안성시,https://job.incruit.com/jobdb_info/jobpost.asp?job=2107070000922
(주) 비에스지파트너스,[BSG]파이썬개발자,서울 강남구,https://job.incruit.com/jobdb_info/jobpost.asp?job=2107150002630
등용문직업전문학교,[2020 대한민국 상생일자리 온라인 채용 박람회] 프로그래..,전북 전주시 완산구,https://job.incruit.com/jobdb_info/jobpost.asp?job=2008210000910
밀라노상인,JAVA 경력 정규직 채용,서울 금천구,https://job.incruit.com/jobdb_info/jobpost.asp?job=2011300001765
주식회사 머니브레인,[인공지능기업] 머신러닝 병역특례 전문연구요원 모집,서울 외,https://job.incruit.com/jobdb_info/jobpost.asp?job=2105200004565
링크아시아매니지먼트(주),제휴 마케팅을 자동화(RPA) 시키는 LINK X P..,서울 중구,https://job.incruit.com/jobdb_info/jobpost.asp?job=2107130002079
주식회사 머니브레인,[인공지능기업] 풀스택 개발자 (경력),서울,https://job.incruit.com/jobdb_info/jobpost.asp?job=2105200002885
넷마블컴퍼니(주),[넷마블] 데이터플랫폼 개발자 모집,서울 구로구,https://job.incruit.com/jobdb_info/jobpost.asp?job=2107060000748
(주)아이티엔제이,"웹개발, 백엔드 외 경력 정규직 채용",울산 남구,https://job.incruit.com/jobdb_info/jobpost.asp?job=2102190000234
(주)펍지,[XTRM] Technical Artist - PUBG IP 신규프..,서울 서초구,https://job.incruit.com/jobdb_info/jobpost.asp?job=2011100003722
다빈소프트(주),신입 및 경력 사원모집,경남 창원시 의창구,https://job.incruit.com/jobdb_info/jobpost.asp?job=2107050005335
디엔씨,"프로그래밍, 컴퓨터 외 신입/경력 정규직, 계약직, 알바 채용",경북 안동시,https://job.incruit.com/jobdb_info/jobpost.asp?job=2104020004544
(주)노르마,Linux/임베디드 기반 보안 솔루션 개발자 채용,서울 성동구,https://job.incruit.com/jobdb_info/jobpost.asp?job=2107070005034
(주)아프리카TV,지표구축,경기 성남시 분당구,https://job.incruit.com/jobdb_info/jobpost.asp?job=2107070003529
(주)노르마,IoT 기기 및 네트워크 취약점 점검 개발자 채용,서울 성동구,https://job.incruit.com/jobdb_info/jobpost.asp?job=2107070004991
(주)원모어시큐리티,"비전인식, 인공지능(AI) 외 신입/경력 정규직 채용",세종시,https://job.incruit.com/jobdb_info/jobpost.asp?job=2107060000006
주식회사 에스알유니버스,데이터 가공자 모집 공고.,서울 마포구,https://job.incruit.com/jobdb_info/jobpost.asp?job=2107140001498
(주)시큐어키,"S/W 엔지니어, IT기술지원 신입/경력 정규직 채용",서울 금천구,https://job.incruit.com/jobdb_info/jobpost.asp?job=2103110003570
(주)아프리카TV,데이터 분석,경기 성남시 분당구,https://job.incruit.com/jobdb_info/jobpost.asp?job=2107070002935
이이넥서스,[도쿄근무]웹개발자 경력사원모집,일본 도쿄,https://job.incruit.com/jobdb_info/jobpost.asp?job=2106210001312
(주)데이터누리,PM/PL & 데이터분석가 & 일반영업 정규직 채용,서울 강서구,https://job.incruit.com/jobdb_info/jobpost.asp?job=2106100000522
